{
  "config": {
    "name": "friction_loss_0p05",
    "episodes": 12,
    "episode_horizon_s": 3.5,
    "seed": 11,
    "output_dir": "outputs/interesting_sweeps/friction_loss_0p05",
    "task": {
      "target_radius": 0.045,
      "target_range": {
        "x": [
          0.12,
          0.3
        ],
        "y": [
          0.04,
          0.28
        ]
      },
      "link_lengths": [
        0.18,
        0.16
      ]
    },
    "sim": {
      "physics_timestep": 0.002,
      "control_dt": 0.02,
      "joint_damping": 1.8,
      "friction_loss": 0.05,
      "actuator_gain": 38.0,
      "sensor_noise_std": 0.0,
      "control_delay_steps": 0
    },
    "controller": {
      "kp": 22.0,
      "kd": 4.0,
      "max_torque": 6.0
    }
  },
  "summary": {
    "success_rate": 0.25,
    "final_error_mean": 0.07053188578692741,
    "min_error_mean": 0.06923005141221639,
    "mean_error_mean": 0.082684903098476,
    "max_overshoot_mean": 0.0010863094066988499,
    "oscillation_index_mean": 0.9181034482758618,
    "control_energy_mean": 159.55394076580913,
    "settling_time_mean": 0.9400000000000001
  },
  "episodes": [
    {
      "episode": 0,
      "target_x": 0.14314263649845593,
      "target_y": 0.1598266869856276,
      "success": 0,
      "final_error": 0.09314118927006065,
      "min_error": 0.08869824681665595,
      "mean_error": 0.09753947371249268,
      "max_overshoot": 0.0,
      "settling_time_s": null,
      "oscillation_index": 0.9482758620689655,
      "control_energy": 138.135417113476
    },
    {
      "episode": 1,
      "target_x": 0.22826970437220434,
      "target_y": 0.04688536200926669,
      "success": 1,
      "final_error": 0.006770933940471132,
      "min_error": 0.0052132404087822555,
      "mean_error": 0.046806144383898345,
      "max_overshoot": 0.0031664458249440475,
      "settling_time_s": 1.5,
      "oscillation_index": 0.3103448275862069,
      "control_energy": 186.8791502043295
    },
    {
      "episode": 2,
      "target_x": 0.14662669522394206,
      "target_y": 0.2627706455104887,
      "success": 0,
      "final_error": 0.13144010034136303,
      "min_error": 0.13144010034136303,
      "mean_error": 0.158771167608621,
      "max_overshoot": 0.003245615943983926,
      "settling_time_s": null,
      "oscillation_index": 0.9827586206896551,
      "control_energy": 166.73517880633526
    },
    {
      "episode": 3,
      "target_x": 0.13267570370775542,
      "target_y": 0.07114574785583153,
      "success": 0,
      "final_error": 0.04660897424644099,
      "min_error": 0.04660897424644099,
      "mean_error": 0.07060151534642066,
      "max_overshoot": 0.0,
      "settling_time_s": null,
      "oscillation_index": 0.9080459770114943,
      "control_energy": 174.36631432751528
    },
    {
      "episode": 4,
      "target_x": 0.2906991215925195,
      "target_y": 0.1892520622711319,
      "success": 0,
      "final_error": 0.08269738733779118,
      "min_error": 0.07773810715056452,
      "mean_error": 0.08125965750524627,
      "max_overshoot": 0.0,
      "settling_time_s": null,
      "oscillation_index": 0.9942528735632183,
      "control_energy": 164.3249534155157
    },
    {
      "episode": 5,
      "target_x": 0.18641876227136236,
      "target_y": 0.16273360523278305,
      "success": 0,
      "final_error": 0.08628592126879166,
      "min_error": 0.08628592126879166,
      "mean_error": 0.0936226594582642,
      "max_overshoot": 0.0,
      "settling_time_s": null,
      "oscillation_index": 0.9655172413793104,
      "control_energy": 146.49474581250766
    },
    {
      "episode": 6,
      "target_x": 0.23931173145302387,
      "target_y": 0.10607411578267104,
      "success": 1,
      "final_error": 0.03239908522149878,
      "min_error": 0.03239908522149878,
      "mean_error": 0.04445238186886338,
      "max_overshoot": 0.0,
      "settling_time_s": 1.32,
      "oscillation_index": 0.9770114942528736,
      "control_energy": 163.428964680519
    },
    {
      "episode": 7,
      "target_x": 0.14483425311605194,
      "target_y": 0.22912950268095805,
      "success": 0,
      "final_error": 0.1247401542108841,
      "min_error": 0.1247401542108841,
      "mean_error": 0.13826366967067977,
      "max_overshoot": 0.0,
      "settling_time_s": null,
      "oscillation_index": 0.9655172413793104,
      "control_energy": 152.00533861809382
    },
    {
      "episode": 8,
      "target_x": 0.24066490513844707,
      "target_y": 0.16297175523595853,
      "success": 0,
      "final_error": 0.083518563471041,
      "min_error": 0.083518563471041,
      "mean_error": 0.08797538509052513,
      "max_overshoot": 0.0030882049911159642,
      "settling_time_s": null,
      "oscillation_index": 0.9942528735632183,
      "control_energy": 154.65550749877815
    },
    {
      "episode": 9,
      "target_x": 0.2670125584745384,
      "target_y": 0.17177806452880634,
      "success": 0,
      "final_error": 0.07129653457167803,
      "min_error": 0.07129653457167803,
      "mean_error": 0.07464016190091907,
      "max_overshoot": 0.0034257957221172503,
      "settling_time_s": null,
      "oscillation_index": 0.9942528735632183,
      "control_energy": 154.25475477736768
    },
    {
      "episode": 10,
      "target_x": 0.296564455073515,
      "target_y": 0.08908227071921078,
      "success": 1,
      "final_error": 0.008002986729061832,
      "min_error": 0.0033408904048498004,
      "mean_error": 0.012618321945263834,
      "max_overshoot": 0.0,
      "settling_time_s": 0.0,
      "oscillation_index": 0.9942528735632183,
      "control_energy": 160.10043909876677
    },
    {
      "episode": 11,
      "target_x": 0.219671465315741,
      "target_y": 0.15606992726161306,
      "success": 0,
      "final_error": 0.07948079883404656,
      "min_error": 0.07948079883404656,
      "mean_error": 0.08566829869051767,
      "max_overshoot": 0.00010965039822501133,
      "settling_time_s": null,
      "oscillation_index": 0.9827586206896551,
      "control_energy": 153.26652483650454
    }
  ],
  "trace_manifest": [
    {
      "episode": 0,
      "target_xy": [
        0.14314263649845593,
        0.1598266869856276
      ],
      "trace_path": "outputs/interesting_sweeps/friction_loss_0p05/traces/episode_000.json"
    },
    {
      "episode": 1,
      "target_xy": [
        0.22826970437220434,
        0.04688536200926669
      ],
      "trace_path": "outputs/interesting_sweeps/friction_loss_0p05/traces/episode_001.json"
    },
    {
      "episode": 2,
      "target_xy": [
        0.14662669522394206,
        0.2627706455104887
      ],
      "trace_path": "outputs/interesting_sweeps/friction_loss_0p05/traces/episode_002.json"
    },
    {
      "episode": 3,
      "target_xy": [
        0.13267570370775542,
        0.07114574785583153
      ],
      "trace_path": "outputs/interesting_sweeps/friction_loss_0p05/traces/episode_003.json"
    },
    {
      "episode": 4,
      "target_xy": [
        0.2906991215925195,
        0.1892520622711319
      ],
      "trace_path": "outputs/interesting_sweeps/friction_loss_0p05/traces/episode_004.json"
    },
    {
      "episode": 5,
      "target_xy": [
        0.18641876227136236,
        0.16273360523278305
      ],
      "trace_path": "outputs/interesting_sweeps/friction_loss_0p05/traces/episode_005.json"
    },
    {
      "episode": 6,
      "target_xy": [
        0.23931173145302387,
        0.10607411578267104
      ],
      "trace_path": "outputs/interesting_sweeps/friction_loss_0p05/traces/episode_006.json"
    },
    {
      "episode": 7,
      "target_xy": [
        0.14483425311605194,
        0.22912950268095805
      ],
      "trace_path": "outputs/interesting_sweeps/friction_loss_0p05/traces/episode_007.json"
    },
    {
      "episode": 8,
      "target_xy": [
        0.24066490513844707,
        0.16297175523595853
      ],