{
  "config": {
    "name": "joint_damping_0p8",
    "episodes": 12,
    "episode_horizon_s": 3.5,
    "seed": 11,
    "output_dir": "outputs/interesting_sweeps/joint_damping_0p8",
    "task": {
      "target_radius": 0.045,
      "target_range": {
        "x": [
          0.12,
          0.3
        ],
        "y": [
          0.04,
          0.28
        ]
      },
      "link_lengths": [
        0.18,
        0.16
      ]
    },
    "sim": {
      "physics_timestep": 0.002,
      "control_dt": 0.02,
      "joint_damping": 0.8,
      "friction_loss": 0.02,
      "actuator_gain": 38.0,
      "sensor_noise_std": 0.0,
      "control_delay_steps": 0
    },
    "controller": {
      "kp": 22.0,
      "kd": 4.0,
      "max_torque": 6.0
    }
  },
  "summary": {
    "success_rate": 0.25,
    "final_error_mean": 0.07137025607572411,
    "min_error_mean": 0.07026499685927462,
    "mean_error_mean": 0.08376610797775175,
    "max_overshoot_mean": 0.0011484042344779774,
    "oscillation_index_mean": 0.9281609195402297,
    "control_energy_mean": 160.13677801490192,
    "settling_time_mean": 0.9133333333333334
  },
  "episodes": [
    {
      "episode": 0,
      "target_x": 0.14314263649845593,
      "target_y": 0.1598266869856276,
      "success": 0,
      "final_error": 0.09020947459158739,
      "min_error": 0.09020947459158739,
      "mean_error": 0.09943433036183849,
      "max_overshoot": 0.0,
      "settling_time_s": null,
      "oscillation_index": 0.9425287356321839,
      "control_energy": 139.34841928410023
    },
    {
      "episode": 1,
      "target_x": 0.22826970437220434,
      "target_y": 0.04688536200926669,
      "success": 1,
      "final_error": 0.008806386850968457,
      "min_error": 0.005965072979981629,
      "mean_error": 0.047114532135435185,
      "max_overshoot": 0.0028757104664863947,
      "settling_time_s": 1.5,
      "oscillation_index": 0.42528735632183906,
      "control_energy": 186.83981757777795
    },
    {
      "episode": 2,
      "target_x": 0.14662669522394206,
      "target_y": 0.2627706455104887,
      "success": 0,
      "final_error": 0.13486100725759678,
      "min_error": 0.13486100725759678,
      "mean_error": 0.1617585133279164,
      "max_overshoot": 0.003092151261681303,
      "settling_time_s": null,
      "oscillation_index": 0.9942528735632183,
      "control_energy": 167.54344965367972
    },
    {
      "episode": 3,
      "target_x": 0.13267570370775542,
      "target_y": 0.07114574785583153,
      "success": 0,
      "final_error": 0.04639681613542581,
      "min_error": 0.04639681613542581,
      "mean_error": 0.07104640068136976,
      "max_overshoot": 0.0,
      "settling_time_s": null,
      "oscillation_index": 0.9080459770114943,
      "control_energy": 174.3754679201256
    },
    {
      "episode": 4,
      "target_x": 0.2906991215925195,
      "target_y": 0.1892520622711319,
      "success": 0,
      "final_error": 0.08653053162917894,
      "min_error": 0.0812186251145205,
      "mean_error": 0.08406020901280087,
      "max_overshoot": 0.0,
      "settling_time_s": null,
      "oscillation_index": 0.9942528735632183,
      "control_energy": 164.59331241599975
    },
    {
      "episode": 5,
      "target_x": 0.18641876227136236,
      "target_y": 0.16273360523278305,
      "success": 0,
      "final_error": 0.0877922687062259,
      "min_error": 0.0877922687062259,
      "mean_error": 0.09561344295055725,
      "max_overshoot": 0.0,
      "settling_time_s": null,
      "oscillation_index": 0.9655172413793104,
      "control_energy": 147.7310143992216
    },
    {
      "episode": 6,
      "target_x": 0.23931173145302387,
      "target_y": 0.10607411578267104,
      "success": 1,
      "final_error": 0.03042037360776411,
      "min_error": 0.03042037360776411,
      "mean_error": 0.04353281684455172,
      "max_overshoot": 0.0,
      "settling_time_s": 1.24,
      "oscillation_index": 0.9770114942528736,
      "control_energy": 163.7126852799732
    },
    {
      "episode": 7,
      "target_x": 0.14483425311605194,
      "target_y": 0.22912950268095805,
      "success": 0,
      "final_error": 0.12837128091543085,
      "min_error": 0.12837128091543085,
      "mean_error": 0.14157860545172513,
      "max_overshoot": 0.0,
      "settling_time_s": null,
      "oscillation_index": 0.9655172413793104,
      "control_energy": 153.2212258509196
    },
    {
      "episode": 8,
      "target_x": 0.24066490513844707,
      "target_y": 0.16297175523595853,
      "success": 0,
      "final_error": 0.08100008619863933,
      "min_error": 0.08100008619863933,
      "mean_error": 0.08603753883989608,
      "max_overshoot": 0.0028563940795954396,
      "settling_time_s": null,
      "oscillation_index": 0.9942528735632183,
      "control_energy": 155.1277601368954
    },
    {
      "episode": 9,
      "target_x": 0.2670125584745384,
      "target_y": 0.17177806452880634,
      "success": 0,
      "final_error": 0.07046528597232471,
      "min_error": 0.07046528597232471,
      "mean_error": 0.07392436416252025,
      "max_overshoot": 0.0031992878637832067,
      "settling_time_s": null,
      "oscillation_index": 0.9942528735632183,
      "control_energy": 155.07872340230745
    },
    {
      "episode": 10,
      "target_x": 0.296564455073515,
      "target_y": 0.08908227071921078,
      "success": 1,
      "final_error": 0.012234609778941462,
      "min_error": 0.007124719567192702,
      "mean_error": 0.014922192343508627,
      "max_overshoot": 0.0,
      "settling_time_s": 0.0,
      "oscillation_index": 0.9942528735632183,
      "control_energy": 159.99185290357565
    },
    {
      "episode": 11,
      "target_x": 0.219671465315741,
      "target_y": 0.15606992726161306,
      "success": 0,
      "final_error": 0.07935495126460565,
      "min_error": 0.07935495126460565,
      "mean_error": 0.08617034962090131,
      "max_overshoot": 0.0017573071421893849,
      "settling_time_s": null,
      "oscillation_index": 0.9827586206896551,
      "control_energy": 154.07760735424696
    }
  ],
  "trace_manifest": [
    {
      "episode": 0,
      "target_xy": [
        0.14314263649845593,
        0.1598266869856276
      ],
      "trace_path": "outputs/interesting_sweeps/joint_damping_0p8/traces/episode_000.json"
    },
    {
      "episode": 1,
      "target_xy": [
        0.22826970437220434,
        0.04688536200926669
      ],
      "trace_path": "outputs/interesting_sweeps/joint_damping_0p8/traces/episode_001.json"
    },
    {
      "episode": 2,
      "target_xy": [
        0.14662669522394206,
        0.2627706455104887
      ],
      "trace_path": "outputs/interesting_sweeps/joint_damping_0p8/traces/episode_002.json"
    },
    {
      "episode": 3,
      "target_xy": [
        0.13267570370775542,
        0.07114574785583153
      ],
      "trace_path": "outputs/interesting_sweeps/joint_damping_0p8/traces/episode_003.json"
    },
    {
      "episode": 4,
      "target_xy": [
        0.2906991215925195,
        0.1892520622711319
      ],
      "trace_path": "outputs/interesting_sweeps/joint_damping_0p8/traces/episode_004.json"
    },
    {
      "episode": 5,
      "target_xy": [
        0.18641876227136236,
        0.16273360523278305
      ],
      "trace_path": "outputs/interesting_sweeps/joint_damping_0p8/traces/episode_005.json"
    },
    {
      "episode": 6,
      "target_xy": [
        0.23931173145302387,
        0.10607411578267104
      ],
      "trace_path": "outputs/interesting_sweeps/joint_damping_0p8/traces/episode_006.json"
    },
    {
      "episode": 7,
      "target_xy": [
        0.14483425311605194,
        0.22912950268095805
      ],
      "trace_path": "outputs/interesting_sweeps/joint_damping_0p8/traces/episode_007.json"
    },
    {
      "episode": 8,
      "target_xy": [
        0.24066490513844707,
        0.16297175523595853
      ],
      "trace_path": "outputs/interesting_sweeps/joint_damping_0p8/traces/episode_008.json"
    },
    {
      "episode": 9,