{
  "summary": {
    "train_rows": 40,
    "test_rows": 14,
    "feature_count": 10,
    "label_count": 4,
    "ridge_alpha": 0.001,
    "mean_mae": 3.999972048056011e-05,
    "mean_baseline_mae": 0.0005306903224158948
  },
  "feature_names": [
    "cohesion",
    "friction_angle_deg",
    "compaction_rate",
    "blade_coupling",
    "spillover_rate",
    "blade_width",
    "blade_depth",
    "blade_distance",
    "pile_radius",
    "pile_height"
  ],
  "label_names": [
    "moved_volume",
    "terrain_profile_rmse",
    "volume_conservation_error",
    "runtime_s"
  ],
  "metrics": [
    {
      "label": "moved_volume",
      "mae": 5.993183241169778e-05,
      "rmse": 6.89220052435616e-05,
      "baseline_mae": 0.0002501402005446802,
      "mae_improvement": 0.0001902083681329824
    },
    {
      "label": "terrain_profile_rmse",
      "mae": 3.427266236889869e-05,
      "rmse": 4.836290645780137e-05,
      "baseline_mae": 0.001838028232374395,
      "mae_improvement": 0.0018037555700054961
    },
    {
      "label": "volume_conservation_error",
      "mae": 2.5889446137475743e-19,
      "rmse": 3.0623945568222858e-19,
      "baseline_mae": 2.0444955252583797e-19,
      "mae_improvement": -5.444490884891945e-20
    },
    {
      "label": "runtime_s",
      "mae": 6.579438714164371e-05,
      "rmse": 7.875358084874815e-05,
      "baseline_mae": 3.459285674450392e-05,
      "mae_improvement": -3.120153039713979e-05
    }
  ],
  "model": {
    "weights": [
      [
        -1.9054092269684596e-16,
        -1.5555388765421192e-15,
        -2.2848209257483425e-25,
        4.425551788671097e-15
      ],
      [
        -0.41321797602602645,
        0.1085991789623989,
        5.898628423618893e-11,
        0.1786039465570769
      ],
      [
        -0.13467961978186968,
        0.029635815385882766,
        -7.574008238654952e-11,
        -0.22162139611684684
      ],
      [
        0.06241191500733573,
        -0.027156114899681495,
        -1.157848620526257e-10,
        0.4328357537994792
      ],
      [
        0.9067664187820816,
        -0.2122660552087965,
        -5.915056352723396e-11,
        -0.45870483836146314
      ],
      [
        -0.0917792102623377,
        -0.04591398383751544,
        -1.634757945588741e-10,
        -0.15376795490287043
      ],
      [
        0.1553496655424149,
        -0.025576210835067618,
        -4.07751309425495e-11,
        1.620670187141944
      ],
      [
        0.03087079757285374,
        0.28042280489923627,
        2.965104666625505e-11,
        -0.16105001679447573
      ],
      [
        -1.6542323066914832e-14,
        3.885780586188048e-15,
        -4.652890945610781e-24,
        6.716849298982197e-15
      ],
      [
        -0.006976377635371031,
        0.3624398063757673,
        4.960648090649671e-11,
        -0.6841252566504759
      ],
      [
        -0.006976377635303745,
        0.36243980637576134,
        4.9606480906700245e-11,
        -0.684125256651153
      ]
    ],
    "feature_mean": [
      0.1949692472510013,
      29.068282080357523,
      0.060456419688262195,
      0.6382213066852062,
      0.23630682156092267,
      0.19300000000000003,
      0.013100000000000006,
      0.8599999999999997,
      0.21900000000000003,
      0.11949999999999998
    ],
    "feature_std": [
      0.1542238881006754,
      7.294920465139866,
      0.02856460325161412,
      0.14964602093159174,
      0.09305640781281013,
      0.009539392014169465,
      0.0040730823708832594,
      1e-09,
      0.016093476939431074,
      0.008046738469715542
    ],
    "label_mean": [
      0.0010980005103155967,
      0.013992556786173402,
      3.4923168415294804e-19,
      0.002148365624998405
    ],
    "label_std": [
      0.00038563563145410174,
      0.001958267299336888,
      1e-09,
      0.00010175492312430408
    ]
  }
}