{
  "config": {
    "name": "joint_damping_0p4",
    "episodes": 12,
    "episode_horizon_s": 3.5,
    "seed": 11,
    "output_dir": "outputs/interesting_sweeps/joint_damping_0p4",
    "task": {
      "target_radius": 0.045,
      "target_range": {
        "x": [
          0.12,
          0.3
        ],
        "y": [
          0.04,
          0.28
        ]
      },
      "link_lengths": [
        0.18,
        0.16
      ]
    },
    "sim": {
      "physics_timestep": 0.002,
      "control_dt": 0.02,
      "joint_damping": 0.4,
      "friction_loss": 0.02,
      "actuator_gain": 38.0,
      "sensor_noise_std": 0.0,
      "control_delay_steps": 0
    },
    "controller": {
      "kp": 22.0,
      "kd": 4.0,
      "max_torque": 6.0
    }
  },
  "summary": {
    "success_rate": 0.25,
    "final_error_mean": 0.07183357682242551,
    "min_error_mean": 0.07066998213709651,
    "mean_error_mean": 0.08419415784318901,
    "max_overshoot_mean": 0.0011729554205110206,
    "oscillation_index_mean": 0.9300766283524902,
    "control_energy_mean": 160.34339075479923,
    "settling_time_mean": 0.9
  },
  "episodes": [
    {
      "episode": 0,
      "target_x": 0.14314263649845593,
      "target_y": 0.1598266869856276,
      "success": 0,
      "final_error": 0.09091375960732777,
      "min_error": 0.09091375960732777,
      "mean_error": 0.10031307111199876,
      "max_overshoot": 0.0,
      "settling_time_s": null,
      "oscillation_index": 0.9425287356321839,
      "control_energy": 139.63082133780037
    },
    {
      "episode": 1,
      "target_x": 0.22826970437220434,
      "target_y": 0.04688536200926669,
      "success": 1,
      "final_error": 0.009689304740733087,
      "min_error": 0.006554290207820535,
      "mean_error": 0.04729171910774372,
      "max_overshoot": 0.00276401248258093,
      "settling_time_s": 1.5,
      "oscillation_index": 0.4482758620689655,
      "control_energy": 186.8294325913134
    },
    {
      "episode": 2,
      "target_x": 0.14662669522394206,
      "target_y": 0.2627706455104887,
      "success": 0,
      "final_error": 0.1361855792481387,
      "min_error": 0.1361855792481387,
      "mean_error": 0.16290797895459516,
      "max_overshoot": 0.0030237428747980633,
      "settling_time_s": null,
      "oscillation_index": 0.9942528735632183,
      "control_energy": 167.82916102204894
    },
    {
      "episode": 3,
      "target_x": 0.13267570370775542,
      "target_y": 0.07114574785583153,
      "success": 0,
      "final_error": 0.04622893734427466,
      "min_error": 0.04622893734427466,
      "mean_error": 0.0711667019361945,
      "max_overshoot": 0.0,
      "settling_time_s": null,
      "oscillation_index": 0.9080459770114943,
      "control_energy": 174.45655338402796
    },
    {
      "episode": 4,
      "target_x": 0.2906991215925195,
      "target_y": 0.1892520622711319,
      "success": 0,
      "final_error": 0.08814436632492852,
      "min_error": 0.0825995545691571,
      "mean_error": 0.08524158577987478,
      "max_overshoot": 0.0,
      "settling_time_s": null,
      "oscillation_index": 0.9942528735632183,
      "control_energy": 164.68392684039335
    },
    {
      "episode": 5,
      "target_x": 0.18641876227136236,
      "target_y": 0.16273360523278305,
      "success": 0,
      "final_error": 0.0883096208548027,
      "min_error": 0.0883096208548027,
      "mean_error": 0.09634420483938531,
      "max_overshoot": 0.0,
      "settling_time_s": null,
      "oscillation_index": 0.9655172413793104,
      "control_energy": 148.21864033869284
    },
    {
      "episode": 6,
      "target_x": 0.23931173145302387,
      "target_y": 0.10607411578267104,
      "success": 1,
      "final_error": 0.029227772595533462,
      "min_error": 0.029227772595533462,
      "mean_error": 0.042826554422510765,
      "max_overshoot": 0.0,
      "settling_time_s": 1.2,
      "oscillation_index": 0.9770114942528736,
      "control_energy": 163.72299965815662
    },
    {
      "episode": 7,
      "target_x": 0.14483425311605194,
      "target_y": 0.22912950268095805,
      "success": 0,
      "final_error": 0.12981405912163554,
      "min_error": 0.12981405912163554,
      "mean_error": 0.14289597853066296,
      "max_overshoot": 0.0,
      "settling_time_s": null,
      "oscillation_index": 0.9655172413793104,
      "control_energy": 153.71532734786655
    },
    {
      "episode": 8,
      "target_x": 0.24066490513844707,
      "target_y": 0.16297175523595853,
      "success": 0,
      "final_error": 0.0799346888501882,
      "min_error": 0.0799346888501882,
      "mean_error": 0.08521654891803256,
      "max_overshoot": 0.002755458669384342,
      "settling_time_s": null,
      "oscillation_index": 0.9942528735632183,
      "control_energy": 155.30403337215796
    },
    {
      "episode": 9,
      "target_x": 0.2670125584745384,
      "target_y": 0.17177806452880634,
      "success": 0,
      "final_error": 0.07011281066440515,
      "min_error": 0.07011281066440515,
      "mean_error": 0.07362079154618084,
      "max_overshoot": 0.003100158328112876,
      "settling_time_s": null,
      "oscillation_index": 0.9942528735632183,
      "control_energy": 155.40549509175702
    },
    {
      "episode": 10,
      "target_x": 0.296564455073515,
      "target_y": 0.08908227071921078,
      "success": 1,
      "final_error": 0.014007376082496643,
      "min_error": 0.00872406614723251,
      "mean_error": 0.01599420014639457,
      "max_overshoot": 0.0,
      "settling_time_s": 0.0,
      "oscillation_index": 0.9942528735632183,
      "control_energy": 159.9305955387853
    },
    {
      "episode": 11,
      "target_x": 0.219671465315741,
      "target_y": 0.15606992726161306,
      "success": 0,
      "final_error": 0.07943464643464178,
      "min_error": 0.07943464643464178,
      "mean_error": 0.08651055882469427,
      "max_overshoot": 0.0024320926912560353,
      "settling_time_s": null,
      "oscillation_index": 0.9827586206896551,
      "control_energy": 154.39370253459026
    }
  ],
  "trace_manifest": [
    {
      "episode": 0,
      "target_xy": [
        0.14314263649845593,
        0.1598266869856276
      ],
      "trace_path": "outputs/interesting_sweeps/joint_damping_0p4/traces/episode_000.json"
    },
    {
      "episode": 1,
      "target_xy": [
        0.22826970437220434,
        0.04688536200926669
      ],
      "trace_path": "outputs/interesting_sweeps/joint_damping_0p4/traces/episode_001.json"
    },
    {
      "episode": 2,
      "target_xy": [
        0.14662669522394206,
        0.2627706455104887
      ],
      "trace_path": "outputs/interesting_sweeps/joint_damping_0p4/traces/episode_002.json"
    },
    {
      "episode": 3,
      "target_xy": [
        0.13267570370775542,
        0.07114574785583153
      ],
      "trace_path": "outputs/interesting_sweeps/joint_damping_0p4/traces/episode_003.json"
    },
    {
      "episode": 4,
      "target_xy": [
        0.2906991215925195,
        0.1892520622711319
      ],
      "trace_path": "outputs/interesting_sweeps/joint_damping_0p4/traces/episode_004.json"
    },
    {
      "episode": 5,
      "target_xy": [
        0.18641876227136236,
        0.16273360523278305
      ],
      "trace_path": "outputs/interesting_sweeps/joint_damping_0p4/traces/episode_005.json"
    },
    {
      "episode": 6,
      "target_xy": [
        0.23931173145302387,
        0.10607411578267104
      ],
      "trace_path": "outputs/interesting_sweeps/joint_damping_0p4/traces/episode_006.json"
    },
    {
      "episode": 7,
      "target_xy": [
        0.14483425311605194,
        0.22912950268095805
      ],
      "trace_path": "outputs/interesting_sweeps/joint_damping_0p4/traces/episode_007.json"
    },
    {
      "episode": 8,
      "target_xy": [
        0.24066490513844707,
        0.16297175523595853
      ],
      "trace_path": "outputs/interesting_sweeps/joint_damping_0p4/traces/episode_008.json"
    },
    {
      "episode": 9,