{
  "config": {
    "name": "joint_damping_3p2",
    "episodes": 12,
    "episode_horizon_s": 3.5,
    "seed": 11,
    "output_dir": "outputs/interesting_sweeps/joint_damping_3p2",
    "task": {
      "target_radius": 0.045,
      "target_range": {
        "x": [
          0.12,
          0.3
        ],
        "y": [
          0.04,
          0.28
        ]
      },
      "link_lengths": [
        0.18,
        0.16
      ]
    },
    "sim": {
      "physics_timestep": 0.002,
      "control_dt": 0.02,
      "joint_damping": 3.2,
      "friction_loss": 0.02,
      "actuator_gain": 38.0,
      "sensor_noise_std": 0.0,
      "control_delay_steps": 0
    },
    "controller": {
      "kp": 22.0,
      "kd": 4.0,
      "max_torque": 6.0
    }
  },
  "summary": {
    "success_rate": 0.25,
    "final_error_mean": 0.06920457179610114,
    "min_error_mean": 0.06801997739260683,
    "mean_error_mean": 0.0812169423373444,
    "max_overshoot_mean": 0.00118788049257057,
    "oscillation_index_mean": 0.9090038314176244,
    "control_energy_mean": 158.7239447141757,
    "settling_time_mean": 0.9333333333333332
  },
  "episodes": [
    {
      "episode": 0,
      "target_x": 0.14314263649845593,
      "target_y": 0.1598266869856276,
      "success": 0,
      "final_error": 0.0906161941384888,
      "min_error": 0.0860514994597333,
      "mean_error": 0.09455286953526991,
      "max_overshoot": 0.0,
      "settling_time_s": null,
      "oscillation_index": 0.9482758620689655,
      "control_energy": 136.84314941422014
    },
    {
      "episode": 1,
      "target_x": 0.22826970437220434,
      "target_y": 0.04688536200926669,
      "success": 1,
      "final_error": 0.005284413997041221,
      "min_error": 0.005284413997041221,
      "mean_error": 0.0466855656332372,
      "max_overshoot": 0.0034012255503267363,
      "settling_time_s": 1.48,
      "oscillation_index": 0.3390804597701149,
      "control_energy": 186.73370423910217
    },
    {
      "episode": 2,
      "target_x": 0.14662669522394206,
      "target_y": 0.2627706455104887,
      "success": 0,
      "final_error": 0.12675678233619825,
      "min_error": 0.12675678233619825,
      "mean_error": 0.1545792174312342,
      "max_overshoot": 0.0034254190336864,
      "settling_time_s": null,
      "oscillation_index": 0.9827586206896551,
      "control_energy": 165.68608763200385
    },
    {
      "episode": 3,
      "target_x": 0.13267570370775542,
      "target_y": 0.07114574785583153,
      "success": 0,
      "final_error": 0.05132687882582624,
      "min_error": 0.0467123240958504,
      "mean_error": 0.06991054762542458,
      "max_overshoot": 0.0,
      "settling_time_s": null,
      "oscillation_index": 0.9137931034482759,
      "control_energy": 174.13475022390017
    },
    {
      "episode": 4,
      "target_x": 0.2906991215925195,
      "target_y": 0.1892520622711319,
      "success": 0,
      "final_error": 0.07777880715405687,
      "min_error": 0.07303765230420635,
      "mean_error": 0.0776736966699553,
      "max_overshoot": 0.0,
      "settling_time_s": null,
      "oscillation_index": 0.9942528735632183,
      "control_energy": 163.9045462276182
    },
    {
      "episode": 5,
      "target_x": 0.18641876227136236,
      "target_y": 0.16273360523278305,
      "success": 0,
      "final_error": 0.08415183643981673,
      "min_error": 0.08415183643981673,
      "mean_error": 0.0909004710488314,
      "max_overshoot": 0.0,
      "settling_time_s": null,
      "oscillation_index": 0.9655172413793104,
      "control_energy": 144.87829584231395
    },
    {
      "episode": 6,
      "target_x": 0.23931173145302387,
      "target_y": 0.10607411578267104,
      "success": 1,
      "final_error": 0.033879911554674916,
      "min_error": 0.033879911554674916,
      "mean_error": 0.044725941329721415,
      "max_overshoot": 0.0,
      "settling_time_s": 1.32,
      "oscillation_index": 0.9770114942528736,
      "control_energy": 162.78794272324623
    },
    {
      "episode": 7,
      "target_x": 0.14483425311605194,
      "target_y": 0.22912950268095805,
      "success": 0,
      "final_error": 0.1197679013146231,
      "min_error": 0.1197679013146231,
      "mean_error": 0.13375125499938992,
      "max_overshoot": 0.0,
      "settling_time_s": null,
      "oscillation_index": 0.9655172413793104,
      "control_energy": 150.42622111951317
    },
    {
      "episode": 8,
      "target_x": 0.24066490513844707,
      "target_y": 0.16297175523595853,
      "success": 0,
      "final_error": 0.08671496163485978,
      "min_error": 0.08671496163485978,
      "mean_error": 0.09043077332126917,
      "max_overshoot": 0.0037283700104520645,
      "settling_time_s": null,
      "oscillation_index": 0.9942528735632183,
      "control_energy": 153.9767079949991
    },
    {
      "episode": 9,
      "target_x": 0.2670125584745384,
      "target_y": 0.17177806452880634,
      "success": 0,
      "final_error": 0.07233951194307998,
      "min_error": 0.07233951194307998,
      "mean_error": 0.0755397476388974,
      "max_overshoot": 0.0036995513163816385,
      "settling_time_s": null,
      "oscillation_index": 0.9942528735632183,
      "control_energy": 153.14237656002038
    },
    {
      "episode": 10,
      "target_x": 0.296564455073515,
      "target_y": 0.08908227071921078,
      "success": 1,
      "final_error": 0.0025519912040204104,
      "min_error": 0.002257262620670462,
      "mean_error": 0.011187825792887223,
      "max_overshoot": 0.0,
      "settling_time_s": 0.0,
      "oscillation_index": 0.8448275862068966,
      "control_energy": 160.184460536827
    },
    {
      "episode": 11,
      "target_x": 0.219671465315741,
      "target_y": 0.15606992726161306,
      "success": 0,
      "final_error": 0.07928567101052739,
      "min_error": 0.07928567101052739,
      "mean_error": 0.08466539702201521,
      "max_overshoot": 0.0,
      "settling_time_s": null,
      "oscillation_index": 0.9885057471264368,
      "control_energy": 151.98909405634384
    }
  ],
  "trace_manifest": [
    {
      "episode": 0,
      "target_xy": [
        0.14314263649845593,
        0.1598266869856276
      ],
      "trace_path": "outputs/interesting_sweeps/joint_damping_3p2/traces/episode_000.json"
    },
    {
      "episode": 1,
      "target_xy": [
        0.22826970437220434,
        0.04688536200926669
      ],
      "trace_path": "outputs/interesting_sweeps/joint_damping_3p2/traces/episode_001.json"
    },
    {
      "episode": 2,
      "target_xy": [
        0.14662669522394206,
        0.2627706455104887
      ],
      "trace_path": "outputs/interesting_sweeps/joint_damping_3p2/traces/episode_002.json"
    },
    {
      "episode": 3,
      "target_xy": [
        0.13267570370775542,
        0.07114574785583153
      ],
      "trace_path": "outputs/interesting_sweeps/joint_damping_3p2/traces/episode_003.json"
    },
    {
      "episode": 4,
      "target_xy": [
        0.2906991215925195,
        0.1892520622711319
      ],
      "trace_path": "outputs/interesting_sweeps/joint_damping_3p2/traces/episode_004.json"
    },
    {
      "episode": 5,
      "target_xy": [
        0.18641876227136236,
        0.16273360523278305
      ],
      "trace_path": "outputs/interesting_sweeps/joint_damping_3p2/traces/episode_005.json"
    },
    {
      "episode": 6,
      "target_xy": [
        0.23931173145302387,
        0.10607411578267104
      ],
      "trace_path": "outputs/interesting_sweeps/joint_damping_3p2/traces/episode_006.json"
    },
    {
      "episode": 7,
      "target_xy": [
        0.14483425311605194,
        0.22912950268095805
      ],
      "trace_path": "outputs/interesting_sweeps/joint_damping_3p2/traces/episode_007.json"
    },
    {
      "episode": 8,
      "target_xy": [
        0.24066490513844707,
        0.16297175523595853
      ],
      "trace_path": "outputs/interesting_sweeps/joint_damping_3p2/traces/episode_008.json"
    },
    {
      "episode": 9,