{
  "config": {
    "name": "control_delay_steps_4",
    "episodes": 12,
    "episode_horizon_s": 3.5,
    "seed": 11,
    "output_dir": "outputs/interesting_sweeps/control_delay_steps_4",
    "task": {
      "target_radius": 0.045,
      "target_range": {
        "x": [
          0.12,
          0.3
        ],
        "y": [
          0.04,
          0.28
        ]
      },
      "link_lengths": [
        0.18,
        0.16
      ]
    },
    "sim": {
      "physics_timestep": 0.002,
      "control_dt": 0.02,
      "joint_damping": 1.8,
      "friction_loss": 0.02,
      "actuator_gain": 38.0,
      "sensor_noise_std": 0.0,
      "control_delay_steps": 4
    },
    "controller": {
      "kp": 22.0,
      "kd": 4.0,
      "max_torque": 6.0
    }
  },
  "summary": {
    "success_rate": 0.25,
    "final_error_mean": 0.07460514076465796,
    "min_error_mean": 0.07110139730897687,
    "mean_error_mean": 0.08554988942019244,
    "max_overshoot_mean": 0.0002900118771032509,
    "oscillation_index_mean": 0.8884099616858236,
    "control_energy_mean": 160.30883703779287,
    "settling_time_mean": 0.9666666666666668
  },
  "episodes": [
    {
      "episode": 0,
      "target_x": 0.14314263649845593,
      "target_y": 0.1598266869856276,
      "success": 0,
      "final_error": 0.09027067691894682,
      "min_error": 0.09027067691894682,
      "mean_error": 0.1007569510832069,
      "max_overshoot": 0.0,
      "settling_time_s": null,
      "oscillation_index": 0.9425287356321839,
      "control_energy": 138.36717104934837
    },
    {
      "episode": 1,
      "target_x": 0.22826970437220434,
      "target_y": 0.04688536200926669,
      "success": 1,
      "final_error": 0.005805311262912312,
      "min_error": 0.005603855420110818,
      "mean_error": 0.047423681810002324,
      "max_overshoot": 0.0034801425252390106,
      "settling_time_s": 1.52,
      "oscillation_index": 0.09195402298850575,
      "control_energy": 186.7562776937919
    },
    {
      "episode": 2,
      "target_x": 0.14662669522394206,
      "target_y": 0.2627706455104887,
      "success": 0,
      "final_error": 0.13603021291051468,
      "min_error": 0.1320397942558234,
      "mean_error": 0.1627139765226716,
      "max_overshoot": 0.0,
      "settling_time_s": null,
      "oscillation_index": 0.9827586206896551,
      "control_energy": 168.47872842194442
    },
    {
      "episode": 3,
      "target_x": 0.13267570370775542,
      "target_y": 0.07114574785583153,
      "success": 0,
      "final_error": 0.05223694126697399,
      "min_error": 0.04773132344265163,
      "mean_error": 0.07353112372705103,
      "max_overshoot": 0.0,
      "settling_time_s": null,
      "oscillation_index": 0.9022988505747126,
      "control_energy": 174.1858869059253
    },
    {
      "episode": 4,
      "target_x": 0.2906991215925195,
      "target_y": 0.1892520622711319,
      "success": 0,
      "final_error": 0.08226791550508888,
      "min_error": 0.07744179382432687,
      "mean_error": 0.08125603354535345,
      "max_overshoot": 0.0,
      "settling_time_s": null,
      "oscillation_index": 0.9942528735632183,
      "control_energy": 167.15491918178955
    },
    {
      "episode": 5,
      "target_x": 0.18641876227136236,
      "target_y": 0.16273360523278305,
      "success": 0,
      "final_error": 0.09255855248335078,
      "min_error": 0.08814372742751177,
      "mean_error": 0.09626648924353008,
      "max_overshoot": 0.0,
      "settling_time_s": null,
      "oscillation_index": 0.9597701149425287,
      "control_energy": 146.76937853509295
    },
    {
      "episode": 6,
      "target_x": 0.23931173145302387,
      "target_y": 0.10607411578267104,
      "success": 1,
      "final_error": 0.03772975482745287,
      "min_error": 0.03322016645946936,
      "mean_error": 0.045537041997219044,
      "max_overshoot": 0.0,
      "settling_time_s": 1.3800000000000001,
      "oscillation_index": 0.9712643678160919,
      "control_energy": 162.62267916018865
    },
    {
      "episode": 7,
      "target_x": 0.14483425311605194,
      "target_y": 0.22912950268095805,
      "success": 0,
      "final_error": 0.12923521259763732,
      "min_error": 0.12503376766369648,
      "mean_error": 0.1412863856767538,
      "max_overshoot": 0.0,
      "settling_time_s": null,
      "oscillation_index": 0.9597701149425287,
      "control_energy": 153.86707370367796
    },
    {
      "episode": 8,
      "target_x": 0.24066490513844707,
      "target_y": 0.16297175523595853,
      "success": 0,
      "final_error": 0.0954916043749789,
      "min_error": 0.09116777367706747,
      "mean_error": 0.09541280287740915,
      "max_overshoot": 0.0,
      "settling_time_s": null,
      "oscillation_index": 0.9942528735632183,
      "control_energy": 155.835813956605
    },
    {
      "episode": 9,
      "target_x": 0.2670125584745384,
      "target_y": 0.17177806452880634,
      "success": 0,
      "final_error": 0.08380561110384378,
      "min_error": 0.07950421912866727,
      "mean_error": 0.08267769156698145,
      "max_overshoot": 0.0,
      "settling_time_s": null,
      "oscillation_index": 0.9942528735632183,
      "control_energy": 155.87263425898655
    },
    {
      "episode": 10,
      "target_x": 0.296564455073515,
      "target_y": 0.08908227071921078,
      "success": 1,
      "final_error": 0.003449522866767923,
      "min_error": 0.0010822801404237845,
      "mean_error": 0.011310407757690115,
      "max_overshoot": 0.0,
      "settling_time_s": 0.0,
      "oscillation_index": 0.8850574712643678,
      "control_energy": 160.835272481035
    },
    {
      "episode": 11,
      "target_x": 0.219671465315741,
      "target_y": 0.15606992726161306,
      "success": 0,
      "final_error": 0.08638037305742728,
      "min_error": 0.08197738934902674,
      "mean_error": 0.08842608723444041,
      "max_overshoot": 0.0,
      "settling_time_s": null,
      "oscillation_index": 0.9827586206896551,
      "control_energy": 152.96020910512885
    }
  ],
  "trace_manifest": [
    {
      "episode": 0,
      "target_xy": [
        0.14314263649845593,
        0.1598266869856276
      ],
      "trace_path": "outputs/interesting_sweeps/control_delay_steps_4/traces/episode_000.json"
    },
    {
      "episode": 1,
      "target_xy": [
        0.22826970437220434,
        0.04688536200926669
      ],
      "trace_path": "outputs/interesting_sweeps/control_delay_steps_4/traces/episode_001.json"
    },
    {
      "episode": 2,
      "target_xy": [
        0.14662669522394206,
        0.2627706455104887
      ],
      "trace_path": "outputs/interesting_sweeps/control_delay_steps_4/traces/episode_002.json"
    },
    {
      "episode": 3,
      "target_xy": [
        0.13267570370775542,
        0.07114574785583153
      ],
      "trace_path": "outputs/interesting_sweeps/control_delay_steps_4/traces/episode_003.json"
    },
    {
      "episode": 4,
      "target_xy": [
        0.2906991215925195,
        0.1892520622711319
      ],
      "trace_path": "outputs/interesting_sweeps/control_delay_steps_4/traces/episode_004.json"
    },
    {
      "episode": 5,
      "target_xy": [
        0.18641876227136236,
        0.16273360523278305
      ],
      "trace_path": "outputs/interesting_sweeps/control_delay_steps_4/traces/episode_005.json"
    },
    {
      "episode": 6,
      "target_xy": [
        0.23931173145302387,
        0.10607411578267104
      ],
      "trace_path": "outputs/interesting_sweeps/control_delay_steps_4/traces/episode_006.json"
    },
    {
      "episode": 7,
      "target_xy": [
        0.14483425311605194,
        0.22912950268095805
      ],
      "trace_path": "outputs/interesting_sweeps/control_delay_steps_4/traces/episode_007.json"
    },
    {
      "episode": 8,
      "target_xy": [
        0.24066490513844707,
        0.16297175523595853
      ],
      "trace_path": "outputs/interesting_sweeps/control_delay_steps_4/traces/episode_008.json"
    },
    {
      "episode": 9,