{
  "config": {
    "name": "control_delay_steps_1",
    "episodes": 12,
    "episode_horizon_s": 3.5,
    "seed": 11,
    "output_dir": "outputs/interesting_sweeps/control_delay_steps_1",
    "task": {
      "target_radius": 0.045,
      "target_range": {
        "x": [
          0.12,
          0.3
        ],
        "y": [
          0.04,
          0.28
        ]
      },
      "link_lengths": [
        0.18,
        0.16
      ]
    },
    "sim": {
      "physics_timestep": 0.002,
      "control_dt": 0.02,
      "joint_damping": 1.8,
      "friction_loss": 0.02,
      "actuator_gain": 38.0,
      "sensor_noise_std": 0.0,
      "control_delay_steps": 1
    },
    "controller": {
      "kp": 22.0,
      "kd": 4.0,
      "max_torque": 6.0
    }
  },
  "summary": {
    "success_rate": 0.25,
    "final_error_mean": 0.07410447492609996,
    "min_error_mean": 0.07060763565437973,
    "mean_error_mean": 0.08441200271360287,
    "max_overshoot_mean": 0.0003441827776108723,
    "oscillation_index_mean": 0.9022988505747126,
    "control_energy_mean": 159.68142446952183,
    "settling_time_mean": 0.96
  },
  "episodes": [
    {
      "episode": 0,
      "target_x": 0.14314263649845593,
      "target_y": 0.1598266869856276,
      "success": 0,
      "final_error": 0.08938476940190608,
      "min_error": 0.08938476940190608,
      "mean_error": 0.09900652301656379,
      "max_overshoot": 0.0,
      "settling_time_s": null,
      "oscillation_index": 0.9425287356321839,
      "control_energy": 137.87329210812754
    },
    {
      "episode": 1,
      "target_x": 0.22826970437220434,
      "target_y": 0.04688536200926669,
      "success": 1,
      "final_error": 0.005126717264408345,
      "min_error": 0.005126717264408345,
      "mean_error": 0.04668869969678933,
      "max_overshoot": 0.004130193331330467,
      "settling_time_s": 1.5,
      "oscillation_index": 0.23563218390804597,
      "control_energy": 186.77020934118912
    },
    {
      "episode": 2,
      "target_x": 0.14662669522394206,
      "target_y": 0.2627706455104887,
      "success": 0,
      "final_error": 0.13562654596970106,
      "min_error": 0.1316260221626491,
      "mean_error": 0.15974279481890935,
      "max_overshoot": 0.0,
      "settling_time_s": null,
      "oscillation_index": 0.9942528735632183,
      "control_energy": 166.44939514712206
    },
    {
      "episode": 3,
      "target_x": 0.13267570370775542,
      "target_y": 0.07114574785583153,
      "success": 0,
      "final_error": 0.05105684061957274,
      "min_error": 0.04654759009972986,
      "mean_error": 0.071184236669019,
      "max_overshoot": 0.0,
      "settling_time_s": null,
      "oscillation_index": 0.9137931034482759,
      "control_energy": 174.61479984418642
    },
    {
      "episode": 4,
      "target_x": 0.2906991215925195,
      "target_y": 0.1892520622711319,
      "success": 0,
      "final_error": 0.08243975273946234,
      "min_error": 0.07751500748166966,
      "mean_error": 0.08110887789690921,
      "max_overshoot": 0.0,
      "settling_time_s": null,
      "oscillation_index": 0.9942528735632183,
      "control_energy": 165.28342682566276
    },
    {
      "episode": 5,
      "target_x": 0.18641876227136236,
      "target_y": 0.16273360523278305,
      "success": 0,
      "final_error": 0.0915394248040538,
      "min_error": 0.08712110585073443,
      "mean_error": 0.09482716936677278,
      "max_overshoot": 0.0,
      "settling_time_s": null,
      "oscillation_index": 0.9597701149425287,
      "control_energy": 146.3179174184289
    },
    {
      "episode": 6,
      "target_x": 0.23931173145302387,
      "target_y": 0.10607411578267104,
      "success": 1,
      "final_error": 0.037650721143928555,
      "min_error": 0.033140750558403854,
      "mean_error": 0.04526234008545771,
      "max_overshoot": 0.0,
      "settling_time_s": 1.3800000000000001,
      "oscillation_index": 0.9712643678160919,
      "control_energy": 162.81131717030954
    },
    {
      "episode": 7,
      "target_x": 0.14483425311605194,
      "target_y": 0.22912950268095805,
      "success": 0,
      "final_error": 0.12906105478018776,
      "min_error": 0.12485611581224969,
      "mean_error": 0.13924570277804377,
      "max_overshoot": 0.0,
      "settling_time_s": null,
      "oscillation_index": 0.9597701149425287,
      "control_energy": 152.1610226617981
    },
    {
      "episode": 8,
      "target_x": 0.24066490513844707,
      "target_y": 0.16297175523595853,
      "success": 0,
      "final_error": 0.09467367594503602,
      "min_error": 0.09034629402049885,
      "mean_error": 0.09463633140985343,
      "max_overshoot": 0.0,
      "settling_time_s": null,
      "oscillation_index": 0.9942528735632183,
      "control_energy": 155.37787143710594
    },
    {
      "episode": 9,
      "target_x": 0.2670125584745384,
      "target_y": 0.17177806452880634,
      "success": 0,
      "final_error": 0.08387715401816573,
      "min_error": 0.07957659820482556,
      "mean_error": 0.0826885932469936,
      "max_overshoot": 0.0,
      "settling_time_s": null,
      "oscillation_index": 0.9942528735632183,
      "control_energy": 154.74069215170505
    },
    {
      "episode": 10,
      "target_x": 0.296564455073515,
      "target_y": 0.08908227071921078,
      "success": 1,
      "final_error": 0.003437929785328036,
      "min_error": 0.0010780282866860603,
      "mean_error": 0.011228930639843579,
      "max_overshoot": 0.0,
      "settling_time_s": 0.0,
      "oscillation_index": 0.8850574712643678,
      "control_energy": 160.92114590188515
    },
    {
      "episode": 11,
      "target_x": 0.219671465315741,
      "target_y": 0.15606992726161306,
      "success": 0,
      "final_error": 0.08537911264144903,
      "min_error": 0.08097262870879544,
      "mean_error": 0.08732383293807884,
      "max_overshoot": 0.0,
      "settling_time_s": null,
      "oscillation_index": 0.9827586206896551,
      "control_energy": 152.85600362674163
    }
  ],
  "trace_manifest": [
    {
      "episode": 0,
      "target_xy": [
        0.14314263649845593,
        0.1598266869856276
      ],
      "trace_path": "outputs/interesting_sweeps/control_delay_steps_1/traces/episode_000.json"
    },
    {
      "episode": 1,
      "target_xy": [
        0.22826970437220434,
        0.04688536200926669
      ],
      "trace_path": "outputs/interesting_sweeps/control_delay_steps_1/traces/episode_001.json"
    },
    {
      "episode": 2,
      "target_xy": [
        0.14662669522394206,
        0.2627706455104887
      ],
      "trace_path": "outputs/interesting_sweeps/control_delay_steps_1/traces/episode_002.json"
    },
    {
      "episode": 3,
      "target_xy": [
        0.13267570370775542,
        0.07114574785583153
      ],
      "trace_path": "outputs/interesting_sweeps/control_delay_steps_1/traces/episode_003.json"
    },
    {
      "episode": 4,
      "target_xy": [
        0.2906991215925195,
        0.1892520622711319
      ],
      "trace_path": "outputs/interesting_sweeps/control_delay_steps_1/traces/episode_004.json"
    },
    {
      "episode": 5,
      "target_xy": [
        0.18641876227136236,
        0.16273360523278305
      ],
      "trace_path": "outputs/interesting_sweeps/control_delay_steps_1/traces/episode_005.json"
    },
    {
      "episode": 6,
      "target_xy": [
        0.23931173145302387,
        0.10607411578267104
      ],
      "trace_path": "outputs/interesting_sweeps/control_delay_steps_1/traces/episode_006.json"
    },
    {
      "episode": 7,
      "target_xy": [
        0.14483425311605194,
        0.22912950268095805
      ],
      "trace_path": "outputs/interesting_sweeps/control_delay_steps_1/traces/episode_007.json"
    },
    {
      "episode": 8,
      "target_xy": [
        0.24066490513844707,
        0.16297175523595853
      ],
      "trace_path": "outputs/interesting_sweeps/control_delay_steps_1/traces/episode_008.json"
    },
    {
      "episode": 9,