{
  "summary": {
    "repeats": 200,
    "python_mean_ms": 0.2064843750122236,
    "rust_mean_ms": 0.023014164999999996,
    "rust_speedup": 8.972055906100596,
    "moved_volume_delta": 8.673617379884035e-19,
    "end_volume_delta": 1.5178830414797062e-17
  },
  "python": {
    "repeats": 200.0,
    "elapsed_ms": 41.29687500244472,
    "mean_ms": 0.2064843750122236,
    "start_volume": 0.003040840220108212,
    "end_volume": 0.002969614903313318,
    "moved_volume": 0.0011870886132482404
  },
  "rust": {
    "repeats": 200.0,
    "elapsed_ms": 4.6028329999999995,
    "mean_ms": 0.023014164999999996,
    "start_volume": 0.0030408402201082064,
    "end_volume": 0.002969614903313333,
    "moved_volume": 0.0011870886132482395
  }
}