{
  "config": {
    "name": "joint_damping_5p5",
    "episodes": 12,
    "episode_horizon_s": 3.5,
    "seed": 11,
    "output_dir": "outputs/interesting_sweeps/joint_damping_5p5",
    "task": {
      "target_radius": 0.045,
      "target_range": {
        "x": [
          0.12,
          0.3
        ],
        "y": [
          0.04,
          0.28
        ]
      },
      "link_lengths": [
        0.18,
        0.16
      ]
    },
    "sim": {
      "physics_timestep": 0.002,
      "control_dt": 0.02,
      "joint_damping": 5.5,
      "friction_loss": 0.02,
      "actuator_gain": 38.0,
      "sensor_noise_std": 0.0,
      "control_delay_steps": 0
    },
    "controller": {
      "kp": 22.0,
      "kd": 4.0,
      "max_torque": 6.0
    }
  },
  "summary": {
    "success_rate": 0.25,
    "final_error_mean": 0.06645685487443125,
    "min_error_mean": 0.06540984900404981,
    "mean_error_mean": 0.07841742288835997,
    "max_overshoot_mean": 0.0009833447802146944,
    "oscillation_index_mean": 0.9219348659003831,
    "control_energy_mean": 157.2920856115355,
    "settling_time_mean": 0.9066666666666666
  },
  "episodes": [
    {
      "episode": 0,
      "target_x": 0.14314263649845593,
      "target_y": 0.1598266869856276,
      "success": 0,
      "final_error": 0.0861214265681368,
      "min_error": 0.08139116029890586,
      "mean_error": 0.08937810814114273,
      "max_overshoot": 0.0,
      "settling_time_s": null,
      "oscillation_index": 0.9367816091954023,
      "control_energy": 135.31283170764567
    },
    {
      "episode": 1,
      "target_x": 0.22826970437220434,
      "target_y": 0.04688536200926669,
      "success": 1,
      "final_error": 0.0076964444784349715,
      "min_error": 0.005047442825805163,
      "mean_error": 0.046770934836268645,
      "max_overshoot": 0.003780681614603973,
      "settling_time_s": 1.48,
      "oscillation_index": 0.47126436781609193,
      "control_energy": 186.62230038815818
    },
    {
      "episode": 2,
      "target_x": 0.14662669522394206,
      "target_y": 0.2627706455104887,
      "success": 0,
      "final_error": 0.11902392706250332,
      "min_error": 0.11902392706250332,
      "mean_error": 0.14741181952629837,
      "max_overshoot": 0.0005838947287005458,
      "settling_time_s": null,
      "oscillation_index": 0.9827586206896551,
      "control_energy": 163.96157828528888
    },
    {
      "episode": 3,
      "target_x": 0.13267570370775542,
      "target_y": 0.07114574785583153,
      "success": 0,
      "final_error": 0.0462089054647233,
      "min_error": 0.0462089054647233,
      "mean_error": 0.06847752777981968,
      "max_overshoot": 0.0,
      "settling_time_s": null,
      "oscillation_index": 0.9080459770114943,
      "control_energy": 173.96070717616934
    },
    {
      "episode": 4,
      "target_x": 0.2906991215925195,
      "target_y": 0.1892520622711319,
      "success": 0,
      "final_error": 0.070661495762103,
      "min_error": 0.06596965845248788,
      "mean_error": 0.07250155178013892,
      "max_overshoot": 0.0,
      "settling_time_s": null,
      "oscillation_index": 0.9942528735632183,
      "control_energy": 163.08223651229804
    },
    {
      "episode": 5,
      "target_x": 0.18641876227136236,
      "target_y": 0.16273360523278305,
      "success": 0,
      "final_error": 0.08000436973682912,
      "min_error": 0.08000436973682912,
      "mean_error": 0.08600713235891815,
      "max_overshoot": 0.0,
      "settling_time_s": null,
      "oscillation_index": 0.9540229885057471,
      "control_energy": 142.423715584313
    },
    {
      "episode": 6,
      "target_x": 0.23931173145302387,
      "target_y": 0.10607411578267104,
      "success": 1,
      "final_error": 0.035434331934783354,
      "min_error": 0.035434331934783354,
      "mean_error": 0.04465777302571834,
      "max_overshoot": 0.0,
      "settling_time_s": 1.24,
      "oscillation_index": 0.9655172413793104,
      "control_energy": 161.78010566663642
    },
    {
      "episode": 7,
      "target_x": 0.14483425311605194,
      "target_y": 0.22912950268095805,
      "success": 0,
      "final_error": 0.11171517012999754,
      "min_error": 0.11171517012999754,
      "mean_error": 0.1264513397951757,
      "max_overshoot": 0.0,
      "settling_time_s": null,
      "oscillation_index": 0.9540229885057471,
      "control_energy": 148.09271946496568
    },
    {
      "episode": 8,
      "target_x": 0.24066490513844707,
      "target_y": 0.16297175523595853,
      "success": 0,
      "final_error": 0.0852206828034198,
      "min_error": 0.08472771759031837,
      "mean_error": 0.08816524843489063,
      "max_overshoot": 0.0032933266220700613,
      "settling_time_s": null,
      "oscillation_index": 0.9942528735632183,
      "control_energy": 151.6198588392739
    },
    {
      "episode": 9,
      "target_x": 0.2670125584745384,
      "target_y": 0.17177806452880634,
      "success": 0,
      "final_error": 0.07382289522952645,
      "min_error": 0.07382289522952645,
      "mean_error": 0.07681720935793643,
      "max_overshoot": 0.004142234397201752,
      "settling_time_s": null,
      "oscillation_index": 0.9942528735632183,
      "control_energy": 151.35603066530552
    },
    {
      "episode": 10,
      "target_x": 0.296564455073515,
      "target_y": 0.08908227071921078,
      "success": 1,
      "final_error": 0.005488994056431319,
      "min_error": 0.005488994056431319,
      "mean_error": 0.01386171021453179,
      "max_overshoot": 0.0,
      "settling_time_s": 0.0,
      "oscillation_index": 0.9310344827586207,
      "control_energy": 160.14682655486703
    },
    {
      "episode": 11,
      "target_x": 0.219671465315741,
      "target_y": 0.15606992726161306,
      "success": 0,
      "final_error": 0.07608361526628604,
      "min_error": 0.07608361526628604,
      "mean_error": 0.08050871940948029,
      "max_overshoot": 0.0,
      "settling_time_s": null,
      "oscillation_index": 0.9770114942528736,
      "control_energy": 149.14611649350434
    }
  ],
  "trace_manifest": [
    {
      "episode": 0,
      "target_xy": [
        0.14314263649845593,
        0.1598266869856276
      ],
      "trace_path": "outputs/interesting_sweeps/joint_damping_5p5/traces/episode_000.json"
    },
    {
      "episode": 1,
      "target_xy": [
        0.22826970437220434,
        0.04688536200926669
      ],
      "trace_path": "outputs/interesting_sweeps/joint_damping_5p5/traces/episode_001.json"
    },
    {
      "episode": 2,
      "target_xy": [
        0.14662669522394206,
        0.2627706455104887
      ],
      "trace_path": "outputs/interesting_sweeps/joint_damping_5p5/traces/episode_002.json"
    },
    {
      "episode": 3,
      "target_xy": [
        0.13267570370775542,
        0.07114574785583153
      ],
      "trace_path": "outputs/interesting_sweeps/joint_damping_5p5/traces/episode_003.json"
    },
    {
      "episode": 4,
      "target_xy": [
        0.2906991215925195,
        0.1892520622711319
      ],
      "trace_path": "outputs/interesting_sweeps/joint_damping_5p5/traces/episode_004.json"
    },
    {
      "episode": 5,
      "target_xy": [
        0.18641876227136236,
        0.16273360523278305
      ],
      "trace_path": "outputs/interesting_sweeps/joint_damping_5p5/traces/episode_005.json"
    },
    {
      "episode": 6,
      "target_xy": [
        0.23931173145302387,
        0.10607411578267104
      ],
      "trace_path": "outputs/interesting_sweeps/joint_damping_5p5/traces/episode_006.json"
    },
    {
      "episode": 7,
      "target_xy": [
        0.14483425311605194,
        0.22912950268095805
      ],
      "trace_path": "outputs/interesting_sweeps/joint_damping_5p5/traces/episode_007.json"
    },
    {
      "episode": 8,
      "target_xy": [
        0.24066490513844707,
        0.16297175523595853
      ],
      "trace_path": "outputs/interesting_sweeps/joint_damping_5p5/traces/episode_008.json"
    },
    {
      "episode": 9,