{
  "config": {
    "name": "friction_loss_0p01",
    "episodes": 12,
    "episode_horizon_s": 3.5,
    "seed": 11,
    "output_dir": "outputs/interesting_sweeps/friction_loss_0p01",
    "task": {
      "target_radius": 0.045,
      "target_range": {
        "x": [
          0.12,
          0.3
        ],
        "y": [
          0.04,
          0.28
        ]
      },
      "link_lengths": [
        0.18,
        0.16
      ]
    },
    "sim": {
      "physics_timestep": 0.002,
      "control_dt": 0.02,
      "joint_damping": 1.8,
      "friction_loss": 0.01,
      "actuator_gain": 38.0,
      "sensor_noise_std": 0.0,
      "control_delay_steps": 0
    },
    "controller": {
      "kp": 22.0,
      "kd": 4.0,
      "max_torque": 6.0
    }
  },
  "summary": {
    "success_rate": 0.25,
    "final_error_mean": 0.07054906356739325,
    "min_error_mean": 0.06924778865755409,
    "mean_error_mean": 0.08270221154213606,
    "max_overshoot_mean": 0.0010875025361914575,
    "oscillation_index_mean": 0.9181034482758618,
    "control_energy_mean": 159.56560145914713,
    "settling_time_mean": 0.9400000000000001
  },
  "episodes": [
    {
      "episode": 0,
      "target_x": 0.14314263649845593,
      "target_y": 0.1598266869856276,
      "success": 0,
      "final_error": 0.09318018766075489,
      "min_error": 0.08873625808776259,
      "mean_error": 0.09757599655532695,
      "max_overshoot": 0.0,
      "settling_time_s": null,
      "oscillation_index": 0.9482758620689655,
      "control_energy": 138.15321797037834
    },
    {
      "episode": 1,
      "target_x": 0.22826970437220434,
      "target_y": 0.04688536200926669,
      "success": 1,
      "final_error": 0.006758607032421488,
      "min_error": 0.005212286942093178,
      "mean_error": 0.04680413852910241,
      "max_overshoot": 0.0031633803032879576,
      "settling_time_s": 1.5,
      "oscillation_index": 0.3103448275862069,
      "control_energy": 186.883638412242
    },
    {
      "episode": 2,
      "target_x": 0.14662669522394206,
      "target_y": 0.2627706455104887,
      "success": 0,
      "final_error": 0.13148229308333612,
      "min_error": 0.13148229308333612,
      "mean_error": 0.1588122063962879,
      "max_overshoot": 0.0032464673816364753,
      "settling_time_s": null,
      "oscillation_index": 0.9827586206896551,
      "control_energy": 166.74715977093
    },
    {
      "episode": 3,
      "target_x": 0.13267570370775542,
      "target_y": 0.07114574785583153,
      "success": 0,
      "final_error": 0.04663144294634488,
      "min_error": 0.04663144294634488,
      "mean_error": 0.07062147960975142,
      "max_overshoot": 0.0,
      "settling_time_s": null,
      "oscillation_index": 0.9080459770114943,
      "control_energy": 174.36368743803843
    },
    {
      "episode": 4,
      "target_x": 0.2906991215925195,
      "target_y": 0.1892520622711319,
      "success": 0,
      "final_error": 0.08269946387762718,
      "min_error": 0.07773843119649909,
      "mean_error": 0.08126038679474826,
      "max_overshoot": 0.0,
      "settling_time_s": null,
      "oscillation_index": 0.9942528735632183,
      "control_energy": 164.3360590273287
    },
    {
      "episode": 5,
      "target_x": 0.18641876227136236,
      "target_y": 0.16273360523278305,
      "success": 0,
      "final_error": 0.08632040997841334,
      "min_error": 0.08632040997841334,
      "mean_error": 0.09365768175072321,
      "max_overshoot": 0.0,
      "settling_time_s": null,
      "oscillation_index": 0.9655172413793104,
      "control_energy": 146.51320773546297
    },
    {
      "episode": 6,
      "target_x": 0.23931173145302387,
      "target_y": 0.10607411578267104,
      "success": 1,
      "final_error": 0.032422792953753596,
      "min_error": 0.032422792953753596,
      "mean_error": 0.04447495190256909,
      "max_overshoot": 0.0,
      "settling_time_s": 1.32,
      "oscillation_index": 0.9770114942528736,
      "control_energy": 163.44054452124908
    },
    {
      "episode": 7,
      "target_x": 0.14483425311605194,
      "target_y": 0.22912950268095805,
      "success": 0,
      "final_error": 0.1247862017257271,
      "min_error": 0.1247862017257271,
      "mean_error": 0.13830703442894743,
      "max_overshoot": 0.0,
      "settling_time_s": null,
      "oscillation_index": 0.9655172413793104,
      "control_energy": 152.02373984155608
    },
    {
      "episode": 8,
      "target_x": 0.24066490513844707,
      "target_y": 0.16297175523595853,
      "success": 0,
      "final_error": 0.08351368301108343,
      "min_error": 0.08351368301108343,
      "mean_error": 0.08797221266991267,
      "max_overshoot": 0.0030889837482264842,
      "settling_time_s": null,
      "oscillation_index": 0.9942528735632183,
      "control_energy": 154.6682173392484
    },
    {
      "episode": 9,
      "target_x": 0.2670125584745384,
      "target_y": 0.17177806452880634,
      "success": 0,
      "final_error": 0.07129220518054522,
      "min_error": 0.07129220518054522,
      "mean_error": 0.07463711609466508,
      "max_overshoot": 0.0034266586755400397,
      "settling_time_s": null,
      "oscillation_index": 0.9942528735632183,
      "control_energy": 154.2691939237242
    },
    {
      "episode": 10,
      "target_x": 0.296564455073515,
      "target_y": 0.08908227071921078,
      "success": 1,
      "final_error": 0.00800796096704644,
      "min_error": 0.0033439443934252296,
      "mean_error": 0.012620543898244808,
      "max_overshoot": 0.0,
      "settling_time_s": 0.0,
      "oscillation_index": 0.9942528735632183,
      "control_energy": 160.1082459870949
    },
    {
      "episode": 11,
      "target_x": 0.219671465315741,
      "target_y": 0.15606992726161306,
      "success": 0,
      "final_error": 0.07949351439166527,
      "min_error": 0.07949351439166527,
      "mean_error": 0.08568278987535338,
      "max_overshoot": 0.00012454032560653416,
      "settling_time_s": null,
      "oscillation_index": 0.9827586206896551,
      "control_energy": 153.2803055425125
    }
  ],
  "trace_manifest": [
    {
      "episode": 0,
      "target_xy": [
        0.14314263649845593,
        0.1598266869856276
      ],
      "trace_path": "outputs/interesting_sweeps/friction_loss_0p01/traces/episode_000.json"
    },
    {
      "episode": 1,
      "target_xy": [
        0.22826970437220434,
        0.04688536200926669
      ],
      "trace_path": "outputs/interesting_sweeps/friction_loss_0p01/traces/episode_001.json"
    },
    {
      "episode": 2,
      "target_xy": [
        0.14662669522394206,
        0.2627706455104887
      ],
      "trace_path": "outputs/interesting_sweeps/friction_loss_0p01/traces/episode_002.json"
    },
    {
      "episode": 3,
      "target_xy": [
        0.13267570370775542,
        0.07114574785583153
      ],
      "trace_path": "outputs/interesting_sweeps/friction_loss_0p01/traces/episode_003.json"
    },
    {
      "episode": 4,
      "target_xy": [
        0.2906991215925195,
        0.1892520622711319
      ],
      "trace_path": "outputs/interesting_sweeps/friction_loss_0p01/traces/episode_004.json"
    },
    {
      "episode": 5,
      "target_xy": [
        0.18641876227136236,
        0.16273360523278305
      ],
      "trace_path": "outputs/interesting_sweeps/friction_loss_0p01/traces/episode_005.json"
    },
    {
      "episode": 6,
      "target_xy": [
        0.23931173145302387,
        0.10607411578267104
      ],
      "trace_path": "outputs/interesting_sweeps/friction_loss_0p01/traces/episode_006.json"
    },
    {
      "episode": 7,
      "target_xy": [
        0.14483425311605194,
        0.22912950268095805
      ],
      "trace_path": "outputs/interesting_sweeps/friction_loss_0p01/traces/episode_007.json"
    },
    {
      "episode": 8,
      "target_xy": [
        0.24066490513844707,
        0.16297175523595853
      ],